robot_id,action_x,action_y,a_inc_x,a_inc_y,cur_vel_x,cur_vel_y,des_vel_x,des_vel_y,ori_goal,raidus,robot_pose_x,robot_pose_y,robot_ori,time_action,time_step
0.0,-0.5099999904632568,0.20000000298023224,-0.5099999904632568,0.20000000298023224,0.0,0.0,-0.5,0.0,3.14,0.4,9.0,5.0,3.14,0.5558598041534424,0.1
1.0,-0.15000000596046448,-0.009999999776482582,-0.15000000596046448,-0.009999999776482582,0.0,0.0,-0.4,-0.29,-2.51,0.4,8.24,7.35,3.77,0.5142381191253662,0.1
